Try No,Score,Even Distribution Score,Cheapest Station,Costs,Amount of Stations,Lowest price,Highest price,Mean price,Lowest distribution,Highest distribution,Mean distribution,Average Time,Fails,How many Stations
0,"{'1': 16, '2': 12, '3': 11, '4': 17, '5': 0, '6': 0, '7': 0}",39.400000000000006,2,1148,4,,,,,,,,,
1,"{'1': 15, '2': 14, '3': 13, '4': 14, '5': 0, '6': 0, '7': 0}",40.0,2,1158,4,,,,,,,,,
2,"{'1': 14, '2': 12, '3': 15, '4': 15, '5': 0, '6': 0, '7': 0}",39.900000000000006,2,1155,4,,,,,,,,,
3,"{'1': 15, '2': 14, '3': 11, '4': 16, '5': 0, '6': 0, '7': 0}",39.7,2,1151,4,,,,,,,,,
4,"{'1': 17, '2': 16, '3': 11, '4': 12, '5': 0, '6': 0, '7': 0}",39.400000000000006,2,1148,4,,,,,,,,,
5,"{'1': 15, '2': 15, '3': 13, '4': 13, '5': 0, '6': 0, '7': 0}",40.0,2,1157,4,,,,,,,,,
6,"{'1': 18, '2': 10, '3': 13, '4': 15, '5': 0, '6': 0, '7': 0}",39.3,2,1145,4,,,,,,,,,
7,"{'1': 13, '2': 13, '3': 17, '4': 13, '5': 0, '6': 0, '7': 0}",39.8,2,1155,4,,,,,,,,,
8,"{'1': 18, '2': 16, '3': 12, '4': 10, '5': 0, '6': 0, '7': 0}",39.1,2,1144,4,,,,,,,,,
9,"{'1': 14, '2': 16, '3': 15, '4': 11, '5': 0, '6': 0, '7': 0}",39.7,2,1151,4,,,,,,,,,
10,"{'1': 14, '2': 13, '3': 14, '4': 15, '5': 0, '6': 0, '7': 0}",40.0,2,1158,4,,,,,,,,,
11,"{'1': 15, '2': 16, '3': 13, '4': 12, '5': 0, '6': 0, '7': 0}",39.8,2,1153,4,,,,,,,,,
12,"{'1': 17, '2': 14, '3': 12, '4': 13, '5': 0, '6': 0, '7': 0}",39.7,2,1152,4,,,,,,,,,
13,"{'1': 16, '2': 12, '3': 16, '4': 12, '5': 0, '6': 0, '7': 0}",39.6,2,1152,4,,,,,,,,,
14,"{'1': 15, '2': 14, '3': 14, '4': 13, '5': 0, '6': 0, '7': 0}",40.0,2,1158,4,,,,,,,,,
15,"{'1': 12, '2': 14, '3': 18, '4': 12, '5': 0, '6': 0, '7': 0}",39.5,2,1150,4,,,,,,,,,
16,"{'1': 13, '2': 17, '3': 12, '4': 14, '5': 0, '6': 0, '7': 0}",39.7,2,1152,4,,,,,,,,,
17,"{'1': 13, '2': 15, '3': 12, '4': 16, '5': 0, '6': 0, '7': 0}",39.8,2,1153,4,,,,,,,,,
18,"{'1': 12, '2': 15, '3': 15, '4': 14, '5': 0, '6': 0, '7': 0}",39.900000000000006,2,1155,4,,,,,,,,,
19,"{'1': 15, '2': 17, '3': 13, '4': 11, '5': 0, '6': 0, '7': 0}",39.6,2,1149,4,,,,,,,,,
20,"{'1': 14, '2': 13, '3': 15, '4': 14, '5': 0, '6': 0, '7': 0}",40.0,2,1158,4,,,,,,,,,
21,"{'1': 15, '2': 14, '3': 12, '4': 15, '5': 0, '6': 0, '7': 0}",39.900000000000006,2,1155,4,,,,,,,,,
22,"{'1': 14, '2': 12, '3': 15, '4': 15, '5': 0, '6': 0, '7': 0}",39.900000000000006,2,1155,4,,,,,,,,,
23,"{'1': 14, '2': 14, '3': 14, '4': 14, '5': 0, '6': 0, '7': 0}",40.0,2,1162,4,,,,,,,,,
24,"{'1': 13, '2': 13, '3': 12, '4': 18, '5': 0, '6': 0, '7': 0}",39.6,2,1151,4,,,,,,,,,
25,"{'1': 14, '2': 12, '3': 17, '4': 13, '5': 0, '6': 0, '7': 0}",39.7,2,1152,4,,,,,,,,,
26,"{'1': 17, '2': 15, '3': 13, '4': 11, '5': 0, '6': 0, '7': 0}",39.6,2,1149,4,,,,,,,,,
27,"{'1': 15, '2': 13, '3': 16, '4': 12, '5': 0, '6': 0, '7': 0}",39.8,2,1153,4,,,,,,,,,
28,"{'1': 12, '2': 19, '3': 12, '4': 13, '5': 0, '6': 0, '7': 0}",39.4,2,1149,4,,,,,,,,,
29,"{'1': 14, '2': 16, '3': 14, '4': 12, '5': 0, '6': 0, '7': 0}",39.8,2,1154,4,,,,,,,,,
30,"{'1': 15, '2': 15, '3': 13, '4': 13, '5': 0, '6': 0, '7': 0}",40.0,2,1157,4,,,,,,,,,
31,"{'1': 14, '2': 16, '3': 13, '4': 13, '5': 0, '6': 0, '7': 0}",39.9,2,1156,4,,,,,,,,,
32,"{'1': 13, '2': 18, '3': 11, '4': 14, '5': 0, '6': 0, '7': 0}",39.5,2,1148,4,,,,,,,,,
33,"{'1': 14, '2': 12, '3': 15, '4': 15, '5': 0, '6': 0, '7': 0}",39.900000000000006,2,1155,4,,,,,,,,,
34,"{'1': 15, '2': 15, '3': 13, '4': 13, '5': 0, '6': 0, '7': 0}",40.0,2,1157,4,,,,,,,,,
35,"{'1': 14, '2': 13, '3': 13, '4': 16, '5': 0, '6': 0, '7': 0}",39.9,2,1156,4,,,,,,,,,
36,"{'1': 12, '2': 14, '3': 14, '4': 16, '5': 0, '6': 0, '7': 0}",39.8,2,1154,4,,,,,,,,,
37,"{'1': 16, '2': 13, '3': 12, '4': 15, '5': 0, '6': 0, '7': 0}",39.8,2,1153,4,,,,,,,,,
38,"{'1': 16, '2': 14, '3': 12, '4': 14, '5': 0, '6': 0, '7': 0}",39.8,2,1154,4,,,,,,,,,
39,"{'1': 12, '2': 18, '3': 14, '4': 12, '5': 0, '6': 0, '7': 0}",39.5,2,1150,4,,,,,,,,,
40,"{'1': 12, '2': 15, '3': 15, '4': 14, '5': 0, '6': 0, '7': 0}",39.900000000000006,2,1155,4,,,,,,,,,
41,"{'1': 14, '2': 15, '3': 15, '4': 12, '5': 0, '6': 0, '7': 0}",39.900000000000006,2,1155,4,,,,,,,,,
42,"{'1': 16, '2': 12, '3': 15, '4': 13, '5': 0, '6': 0, '7': 0}",39.8,2,1153,4,,,,,,,,,
43,"{'1': 16, '2': 14, '3': 14, '4': 12, '5': 0, '6': 0, '7': 0}",39.8,2,1154,4,,,,,,,,,
44,"{'1': 13, '2': 14, '3': 15, '4': 14, '5': 0, '6': 0, '7': 0}",40.0,2,1158,4,,,,,,,,,
45,"{'1': 15, '2': 16, '3': 17, '4': 8, '5': 0, '6': 0, '7': 0}",38.5,2,1142,4,,,,,,,,,
46,"{'1': 13, '2': 12, '3': 17, '4': 14, '5': 0, '6': 0, '7': 0}",39.7,2,1152,4,,,,,,,,,
47,"{'1': 14, '2': 13, '3': 14, '4': 15, '5': 0, '6': 0, '7': 0}",40.0,2,1158,4,,,,,,,,,
48,"{'1': 12, '2': 15, '3': 18, '4': 11, '5': 0, '6': 0, '7': 0}",39.4,2,1147,4,,,,,,,,,
49,"{'1': 12, '2': 11, '3': 15, '4': 18, '5': 0, '6': 0, '7': 0}",39.400000000000006,2,1147,4,,,,,,,,,
50,"{'1': 15, '2': 17, '3': 12, '4': 12, '5': 0, '6': 0, '7': 0}",39.6,2,1151,4,,,,,,,,,
51,"{'1': 15, '2': 16, '3': 9, '4': 16, '5': 0, '6': 0, '7': 0}",39.1,2,1146,4,,,,,,,,,
52,"{'1': 15, '2': 17, '3': 13, '4': 11, '5': 0, '6': 0, '7': 0}",39.6,2,1149,4,,,,,,,,,
53,"{'1': 15, '2': 14, '3': 14, '4': 13, '5': 0, '6': 0, '7': 0}",40.0,2,1158,4,,,,,,,,,
54,"{'1': 15, '2': 15, '3': 14, '4': 12, '5': 0, '6': 0, '7': 0}",39.900000000000006,2,1155,4,,,,,,,,,
55,"{'1': 16, '2': 14, '3': 13, '4': 13, '5': 0, '6': 0, '7': 0}",39.9,2,1156,4,,,,,,,,,
56,"{'1': 11, '2': 16, '3': 16, '4': 13, '5': 0, '6': 0, '7': 0}",39.599999999999994,2,1150,4,,,,,,,,,
57,"{'1': 16, '2': 13, '3': 13, '4': 14, '5': 0, '6': 0, '7': 0}",39.9,2,1156,4,,,,,,,,,
58,"{'1': 15, '2': 13, '3': 14, '4': 14, '5': 0, '6': 0, '7': 0}",40.0,2,1158,4,,,,,,,,,
59,"{'1': 16, '2': 14, '3': 12, '4': 14, '5': 0, '6': 0, '7': 0}",39.8,2,1154,4,,,,,,,,,
60,"{'1': 11, '2': 17, '3': 14, '4': 14, '5': 0, '6': 0, '7': 0}",39.6,2,1150,4,,,,,,,,,
61,"{'1': 16, '2': 13, '3': 13, '4': 14, '5': 0, '6': 0, '7': 0}",39.9,2,1156,4,,,,,,,,,
62,"{'1': 15, '2': 14, '3': 13, '4': 14, '5': 0, '6': 0, '7': 0}",40.0,2,1158,4,,,,,,,,,
63,"{'1': 14, '2': 16, '3': 13, '4': 13, '5': 0, '6': 0, '7': 0}",39.9,2,1156,4,,,,,,,,,
64,"{'1': 16, '2': 15, '3': 13, '4': 12, '5': 0, '6': 0, '7': 0}",39.8,2,1153,4,,,,,,,,,
65,"{'1': 13, '2': 12, '3': 16, '4': 15, '5': 0, '6': 0, '7': 0}",39.8,2,1153,4,,,,,,,,,
66,"{'1': 12, '2': 15, '3': 15, '4': 14, '5': 0, '6': 0, '7': 0}",39.900000000000006,2,1155,4,,,,,,,,,
67,"{'1': 13, '2': 14, '3': 16, '4': 13, '5': 0, '6': 0, '7': 0}",39.9,2,1156,4,,,,,,,,,
68,"{'1': 15, '2': 17, '3': 12, '4': 12, '5': 0, '6': 0, '7': 0}",39.6,2,1151,4,,,,,,,,,
69,"{'1': 16, '2': 13, '3': 11, '4': 16, '5': 0, '6': 0, '7': 0}",39.6,2,1150,4,,,,,,,,,
70,"{'1': 13, '2': 16, '3': 12, '4': 15, '5': 0, '6': 0, '7': 0}",39.8,2,1153,4,,,,,,,,,
71,"{'1': 15, '2': 13, '3': 16, '4': 12, '5': 0, '6': 0, '7': 0}",39.8,2,1153,4,,,,,,,,,
72,"{'1': 16, '2': 13, '3': 14, '4': 13, '5': 0, '6': 0, '7': 0}",39.9,2,1156,4,,,,,,,,,
73,"{'1': 16, '2': 15, '3': 14, '4': 11, '5': 0, '6': 0, '7': 0}",39.7,2,1151,4,,,,,,,,,
74,"{'1': 14, '2': 10, '3': 15, '4': 17, '5': 0, '6': 0, '7': 0}",39.4,2,1147,4,,,,,,,,,
75,"{'1': 16, '2': 15, '3': 13, '4': 12, '5': 0, '6': 0, '7': 0}",39.8,2,1153,4,,,,,,,,,
76,"{'1': 13, '2': 13, '3': 14, '4': 16, '5': 0, '6': 0, '7': 0}",39.9,2,1156,4,,,,,,,,,
77,"{'1': 13, '2': 14, '3': 13, '4': 16, '5': 0, '6': 0, '7': 0}",39.9,2,1156,4,,,,,,,,,
78,"{'1': 15, '2': 13, '3': 13, '4': 15, '5': 0, '6': 0, '7': 0}",40.0,2,1157,4,,,,,,,,,
79,"{'1': 13, '2': 19, '3': 13, '4': 11, '5': 0, '6': 0, '7': 0}",39.4,2,1147,4,,,,,,,,,
80,"{'1': 15, '2': 12, '3': 15, '4': 14, '5': 0, '6': 0, '7': 0}",39.900000000000006,2,1155,4,,,,,,,,,
81,"{'1': 12, '2': 16, '3': 15, '4': 13, '5': 0, '6': 0, '7': 0}",39.8,2,1153,4,,,,,,,,,
82,"{'1': 15, '2': 14, '3': 13, '4': 14, '5': 0, '6': 0, '7': 0}",40.0,2,1158,4,,,,,,,,,
83,"{'1': 12, '2': 13, '3': 16, '4': 15, '5': 0, '6': 0, '7': 0}",39.8,2,1153,4,,,,,,,,,
84,"{'1': 11, '2': 13, '3': 15, '4': 17, '5': 0, '6': 0, '7': 0}",39.6,2,1149,4,,,,,,,,,
85,"{'1': 19, '2': 13, '3': 12, '4': 12, '5': 0, '6': 0, '7': 0}",39.4,2,1149,4,,,,,,,,,
86,"{'1': 15, '2': 15, '3': 14, '4': 12, '5': 0, '6': 0, '7': 0}",39.900000000000006,2,1155,4,,,,,,,,,
87,"{'1': 15, '2': 14, '3': 15, '4': 12, '5': 0, '6': 0, '7': 0}",39.900000000000006,2,1155,4,,,,,,,,,
88,"{'1': 15, '2': 15, '3': 17, '4': 9, '5': 0, '6': 0, '7': 0}",39.1,2,1145,4,,,,,,,,,
89,"{'1': 17, '2': 14, '3': 12, '4': 13, '5': 0, '6': 0, '7': 0}",39.7,2,1152,4,,,,,,,,,
90,"{'1': 19, '2': 9, '3': 11, '4': 17, '5': 0, '6': 0, '7': 0}",38.5,2,1139,4,,,,,,,,,
91,"{'1': 15, '2': 12, '3': 16, '4': 13, '5': 0, '6': 0, '7': 0}",39.8,2,1153,4,,,,,,,,,
92,"{'1': 12, '2': 16, '3': 12, '4': 16, '5': 0, '6': 0, '7': 0}",39.6,2,1152,4,,,,,,,,,
93,"{'1': 13, '2': 15, '3': 16, '4': 12, '5': 0, '6': 0, '7': 0}",39.8,2,1153,4,,,,,,,,,
94,"{'1': 13, '2': 13, '3': 13, '4': 17, '5': 0, '6': 0, '7': 0}",39.8,2,1155,4,,,,,,,,,
95,"{'1': 12, '2': 12, '3': 17, '4': 15, '5': 0, '6': 0, '7': 0}",39.6,2,1151,4,,,,,,,,,
96,"{'1': 14, '2': 14, '3': 14, '4': 14, '5': 0, '6': 0, '7': 0}",40.0,2,1162,4,,,,,,,,,
97,"{'1': 14, '2': 15, '3': 12, '4': 15, '5': 0, '6': 0, '7': 0}",39.900000000000006,2,1155,4,,,,,,,,,
98,"{'1': 12, '2': 13, '3': 17, '4': 14, '5': 0, '6': 0, '7': 0}",39.7,2,1152,4,,,,,,,,,
99,"{'1': 16, '2': 13, '3': 11, '4': 16, '5': 0, '6': 0, '7': 0}",39.6,2,1150,4,,,,,,,,,
100,"{'1': 13, '2': 15, '3': 14, '4': 14, '5': 0, '6': 0, '7': 0}",40.0,2,1158,4,,,,,,,,,
101,"{'1': 17, '2': 15, '3': 13, '4': 11, '5': 0, '6': 0, '7': 0}",39.6,2,1149,4,,,,,,,,,
102,"{'1': 11, '2': 17, '3': 14, '4': 14, '5': 0, '6': 0, '7': 0}",39.6,2,1150,4,,,,,,,,,
103,"{'1': 15, '2': 13, '3': 14, '4': 14, '5': 0, '6': 0, '7': 0}",40.0,2,1158,4,,,,,,,,,
104,"{'1': 18, '2': 13, '3': 12, '4': 13, '5': 0, '6': 0, '7': 0}",39.6,2,1151,4,,,,,,,,,
105,"{'1': 17, '2': 12, '3': 16, '4': 11, '5': 0, '6': 0, '7': 0}",39.4,2,1148,4,,,,,,,,,
106,"{'1': 17, '2': 13, '3': 14, '4': 12, '5': 0, '6': 0, '7': 0}",39.7,2,1152,4,,,,,,,,,
107,"{'1': 16, '2': 15, '3': 12, '4': 13, '5': 0, '6': 0, '7': 0}",39.8,2,1153,4,,,,,,,,,
108,"{'1': 15, '2': 15, '3': 12, '4': 14, '5': 0, '6': 0, '7': 0}",39.900000000000006,2,1155,4,,,,,,,,,
109,"{'1': 13, '2': 12, '3': 16, '4': 15, '5': 0, '6': 0, '7': 0}",39.8,2,1153,4,,,,,,,,,
110,"{'1': 10, '2': 20, '3': 16, '4': 10, '5': 0, '6': 0, '7': 0}",38.5,2,1140,4,,,,,,,,,
111,"{'1': 15, '2': 15, '3': 12, '4': 14, '5': 0, '6': 0, '7': 0}",39.900000000000006,2,1155,4,,,,,,,,,
112,"{'1': 11, '2': 16, '3': 13, '4': 16, '5': 0, '6': 0, '7': 0}",39.599999999999994,2,1150,4,,,,,,,,,
113,"{'1': 15, '2': 13, '3': 15, '4': 13, '5': 0, '6': 0, '7': 0}",40.0,2,1157,4,,,,,,,,,
114,"{'1': 15, '2': 15, '3': 14, '4': 12, '5': 0, '6': 0, '7': 0}",39.900000000000006,2,1155,4,,,,,,,,,
115,"{'1': 13, '2': 11, '3': 18, '4': 14, '5': 0, '6': 0, '7': 0}",39.5,2,1148,4,,,,,,,,,
116,"{'1': 15, '2': 16, '3': 13, '4': 12, '5': 0, '6': 0, '7': 0}",39.8,2,1153,4,,,,,,,,,
117,"{'1': 13, '2': 16, '3': 11, '4': 16, '5': 0, '6': 0, '7': 0}",39.6,2,1150,4,,,,,,,,,
118,"{'1': 13, '2': 19, '3': 13, '4': 11, '5': 0, '6': 0, '7': 0}",39.4,2,1147,4,,,,,,,,,
119,"{'1': 16, '2': 14, '3': 15, '4': 11, '5': 0, '6': 0, '7': 0}",39.7,2,1151,4,,,,,,,,,
120,"{'1': 14, '2': 17, '3': 15, '4': 10, '5': 0, '6': 0, '7': 0}",39.4,2,1147,4,,,,,,,,,
121,"{'1': 17, '2': 14, '3': 15, '4': 10, '5': 0, '6': 0, '7': 0}",39.4,2,1147,4,,,,,,,,,
122,"{'1': 12, '2': 16, '3': 15, '4': 13, '5': 0, '6': 0, '7': 0}",39.8,2,1153,4,,,,,,,,,
123,"{'1': 18, '2': 12, '3': 13, '4': 13, '5': 0, '6': 0, '7': 0}",39.6,2,1151,4,,,,,,,,,
124,"{'1': 14, '2': 20, '3': 10, '4': 12, '5': 0, '6': 0, '7': 0}",38.900000000000006,2,1142,4,,,,,,,,,
125,"{'1': 11, '2': 16, '3': 14, '4': 15, '5': 0, '6': 0, '7': 0}",39.7,2,1151,4,,,,,,,,,
126,"{'1': 14, '2': 15, '3': 14, '4': 13, '5': 0, '6': 0, '7': 0}",40.0,2,1158,4,,,,,,,,,
127,"{'1': 12, '2': 16, '3': 15, '4': 13, '5': 0, '6': 0, '7': 0}",39.8,2,1153,4,,,,,,,,,
128,"{'1': 13, '2': 13, '3': 17, '4': 13, '5': 0, '6': 0, '7': 0}",39.8,2,1155,4,,,,,,,,,
129,"{'1': 18, '2': 14, '3': 12, '4': 12, '5': 0, '6': 0, '7': 0}",39.5,2,1150,4,,,,,,,,,
130,"{'1': 14, '2': 15, '3': 12, '4': 15, '5': 0, '6': 0, '7': 0}",39.900000000000006,2,1155,4,,,,,,,,,
131,"{'1': 17, '2': 15, '3': 14, '4': 10, '5': 0, '6': 0, '7': 0}",39.4,2,1147,4,,,,,,,,,
132,"{'1': 17, '2': 14, '3': 12, '4': 13, '5': 0, '6': 0, '7': 0}",39.7,2,1152,4,,,,,,,,,
133,"{'1': 14, '2': 16, '3': 13, '4': 13, '5': 0, '6': 0, '7': 0}",39.9,2,1156,4,,,,,,,,,
134,"{'1': 14, '2': 14, '3': 14, '4': 14, '5': 0, '6': 0, '7': 0}",40.0,2,1162,4,,,,,,,,,
135,"{'1': 17, '2': 14, '3': 10, '4': 15, '5': 0, '6': 0, '7': 0}",39.400000000000006,2,1147,4,,,,,,,,,
136,"{'1': 13, '2': 15, '3': 15, '4': 13, '5': 0, '6': 0, '7': 0}",40.0,2,1157,4,,,,,,,,,
137,"{'1': 14, '2': 16, '3': 12, '4': 14, '5': 0, '6': 0, '7': 0}",39.8,2,1154,4,,,,,,,,,
138,"{'1': 16, '2': 12, '3': 11, '4': 17, '5': 0, '6': 0, '7': 0}",39.400000000000006,2,1148,4,,,,,,,,,
139,"{'1': 12, '2': 13, '3': 19, '4': 12, '5': 0, '6': 0, '7': 0}",39.400000000000006,2,1149,4,,,,,,,,,
140,"{'1': 18, '2': 14, '3': 11, '4': 13, '5': 0, '6': 0, '7': 0}",39.5,2,1148,4,,,,,,,,,
141,"{'1': 15, '2': 16, '3': 13, '4': 12, '5': 0, '6': 0, '7': 0}",39.8,2,1153,4,,,,,,,,,
142,"{'1': 14, '2': 14, '3': 13, '4': 15, '5': 0, '6': 0, '7': 0}",40.0,2,1158,4,,,,,,,,,
143,"{'1': 13, '2': 16, '3': 13, '4': 14, '5': 0, '6': 0, '7': 0}",39.9,2,1156,4,,,,,,,,,
144,"{'1': 15, '2': 12, '3': 14, '4': 15, '5': 0, '6': 0, '7': 0}",39.900000000000006,2,1155,4,,,,,,,,,
145,"{'1': 10, '2': 18, '3': 16, '4': 12, '5': 0, '6': 0, '7': 0}",39.1,2,1144,4,,,,,,,,,
146,"{'1': 19, '2': 12, '3': 13, '4': 12, '5': 0, '6': 0, '7': 0}",39.4,2,1149,4,,,,,,,,,
147,"{'1': 12, '2': 15, '3': 15, '4': 14, '5': 0, '6': 0, '7': 0}",39.900000000000006,2,1155,4,,,,,,,,,
148,"{'1': 12, '2': 15, '3': 17, '4': 12, '5': 0, '6': 0, '7': 0}",39.6,2,1151,4,,,,,,,,,
149,"{'1': 17, '2': 17, '3': 12, '4': 10, '5': 0, '6': 0, '7': 0}",39.1,2,1145,4,,,,,,,,,
150,"{'1': 15, '2': 16, '3': 13, '4': 12, '5': 0, '6': 0, '7': 0}",39.8,2,1153,4,,,,,,,,,
151,"{'1': 16, '2': 14, '3': 13, '4': 13, '5': 0, '6': 0, '7': 0}",39.9,2,1156,4,,,,,,,,,
152,"{'1': 11, '2': 17, '3': 15, '4': 13, '5': 0, '6': 0, '7': 0}",39.6,2,1149,4,,,,,,,,,
153,"{'1': 15, '2': 14, '3': 13, '4': 14, '5': 0, '6': 0, '7': 0}",40.0,2,1158,4,,,,,,,,,
154,"{'1': 17, '2': 13, '3': 13, '4': 13, '5': 0, '6': 0, '7': 0}",39.8,2,1155,4,,,,,,,,,
155,"{'1': 15, '2': 12, '3': 15, '4': 14, '5': 0, '6': 0, '7': 0}",39.900000000000006,2,1155,4,,,,,,,,,
156,"{'1': 13, '2': 16, '3': 12, '4': 15, '5': 0, '6': 0, '7': 0}",39.8,2,1153,4,,,,,,,,,
157,"{'1': 17, '2': 13, '3': 15, '4': 11, '5': 0, '6': 0, '7': 0}",39.6,2,1149,4,,,,,,,,,
158,"{'1': 17, '2': 14, '3': 11, '4': 14, '5': 0, '6': 0, '7': 0}",39.6,2,1150,4,,,,,,,,,
159,"{'1': 14, '2': 16, '3': 13, '4': 13, '5': 0, '6': 0, '7': 0}",39.9,2,1156,4,,,,,,,,,
160,"{'1': 18, '2': 13, '3': 13, '4': 12, '5': 0, '6': 0, '7': 0}",39.6,2,1151,4,,,,,,,,,
161,"{'1': 13, '2': 14, '3': 16, '4': 13, '5': 0, '6': 0, '7': 0}",39.9,2,1156,4,,,,,,,,,
162,"{'1': 10, '2': 15, '3': 19, '4': 12, '5': 0, '6': 0, '7': 0}",39.10000000000001,2,1143,4,,,,,,,,,
163,"{'1': 13, '2': 15, '3': 16, '4': 12, '5': 0, '6': 0, '7': 0}",39.8,2,1153,4,,,,,,,,,
164,"{'1': 15, '2': 16, '3': 13, '4': 12, '5': 0, '6': 0, '7': 0}",39.8,2,1153,4,,,,,,,,,
165,"{'1': 13, '2': 14, '3': 17, '4': 12, '5': 0, '6': 0, '7': 0}",39.7,2,1152,4,,,,,,,,,
166,"{'1': 12, '2': 13, '3': 18, '4': 13, '5': 0, '6': 0, '7': 0}",39.599999999999994,2,1151,4,,,,,,,,,
167,"{'1': 16, '2': 15, '3': 13, '4': 12, '5': 0, '6': 0, '7': 0}",39.8,2,1153,4,,,,,,,,,
168,"{'1': 15, '2': 14, '3': 13, '4': 14, '5': 0, '6': 0, '7': 0}",40.0,2,1158,4,,,,,,,,,
169,"{'1': 14, '2': 14, '3': 14, '4': 14, '5': 0, '6': 0, '7': 0}",40.0,2,1162,4,,,,,,,,,
170,"{'1': 13, '2': 17, '3': 11, '4': 15, '5': 0, '6': 0, '7': 0}",39.599999999999994,2,1149,4,,,,,,,,,
171,"{'1': 17, '2': 13, '3': 16, '4': 10, '5': 0, '6': 0, '7': 0}",39.3,2,1146,4,,,,,,,,,
172,"{'1': 16, '2': 14, '3': 15, '4': 11, '5': 0, '6': 0, '7': 0}",39.7,2,1151,4,,,,,,,,,
173,"{'1': 16, '2': 15, '3': 15, '4': 10, '5': 0, '6': 0, '7': 0}",39.5,2,1149,4,,,,,,,,,
174,"{'1': 14, '2': 16, '3': 16, '4': 10, '5': 0, '6': 0, '7': 0}",39.4,2,1148,4,,,,,,,,,
175,"{'1': 15, '2': 19, '3': 13, '4': 9, '5': 0, '6': 0, '7': 0}",38.9,2,1141,4,,,,,,,,,
176,"{'1': 14, '2': 16, '3': 12, '4': 14, '5': 0, '6': 0, '7': 0}",39.8,2,1154,4,,,,,,,,,
177,"{'1': 15, '2': 12, '3': 12, '4': 17, '5': 0, '6': 0, '7': 0}",39.6,2,1151,4,,,,,,,,,
178,"{'1': 13, '2': 12, '3': 16, '4': 15, '5': 0, '6': 0, '7': 0}",39.8,2,1153,4,,,,,,,,,
179,"{'1': 14, '2': 17, '3': 14, '4': 11, '5': 0, '6': 0, '7': 0}",39.6,2,1150,4,,,,,,,,,
180,"{'1': 14, '2': 19, '3': 12, '4': 11, '5': 0, '6': 0, '7': 0}",39.300000000000004,2,1146,4,,,,,,,,,
181,"{'1': 18, '2': 15, '3': 11, '4': 12, '5': 0, '6': 0, '7': 0}",39.400000000000006,2,1147,4,,,,,,,,,
182,"{'1': 17, '2': 12, '3': 14, '4': 13, '5': 0, '6': 0, '7': 0}",39.7,2,1152,4,,,,,,,,,
183,"{'1': 12, '2': 15, '3': 15, '4': 14, '5': 0, '6': 0, '7': 0}",39.900000000000006,2,1155,4,,,,,,,,,
184,"{'1': 15, '2': 16, '3': 12, '4': 13, '5': 0, '6': 0, '7': 0}",39.8,2,1153,4,,,,,,,,,
185,"{'1': 14, '2': 15, '3': 15, '4': 12, '5': 0, '6': 0, '7': 0}",39.900000000000006,2,1155,4,,,,,,,,,
186,"{'1': 16, '2': 14, '3': 12, '4': 14, '5': 0, '6': 0, '7': 0}",39.8,2,1154,4,,,,,,,,,
187,"{'1': 16, '2': 14, '3': 16, '4': 10, '5': 0, '6': 0, '7': 0}",39.4,2,1148,4,,,,,,,,,
188,"{'1': 14, '2': 14, '3': 12, '4': 16, '5': 0, '6': 0, '7': 0}",39.8,2,1154,4,,,,,,,,,
189,"{'1': 12, '2': 15, '3': 14, '4': 15, '5': 0, '6': 0, '7': 0}",39.900000000000006,2,1155,4,,,,,,,,,
190,"{'1': 14, '2': 16, '3': 13, '4': 13, '5': 0, '6': 0, '7': 0}",39.9,2,1156,4,,,,,,,,,
191,"{'1': 13, '2': 15, '3': 12, '4': 16, '5': 0, '6': 0, '7': 0}",39.8,2,1153,4,,,,,,,,,
192,"{'1': 14, '2': 16, '3': 13, '4': 13, '5': 0, '6': 0, '7': 0}",39.9,2,1156,4,,,,,,,,,
193,"{'1': 14, '2': 14, '3': 15, '4': 13, '5': 0, '6': 0, '7': 0}",40.0,2,1158,4,,,,,,,,,
194,"{'1': 17, '2': 14, '3': 12, '4': 13, '5': 0, '6': 0, '7': 0}",39.7,2,1152,4,,,,,,,,,
195,"{'1': 17, '2': 13, '3': 12, '4': 14, '5': 0, '6': 0, '7': 0}",39.7,2,1152,4,,,,,,,,,
196,"{'1': 10, '2': 17, '3': 15, '4': 14, '5': 0, '6': 0, '7': 0}",39.400000000000006,2,1147,4,,,,,,,,,
197,"{'1': 13, '2': 14, '3': 12, '4': 17, '5': 0, '6': 0, '7': 0}",39.7,2,1152,4,,,,,,,,,
198,"{'1': 14, '2': 20, '3': 10, '4': 12, '5': 0, '6': 0, '7': 0}",38.900000000000006,2,1142,4,,,,,,,,,
199,"{'1': 18, '2': 15, '3': 10, '4': 13, '5': 0, '6': 0, '7': 0}",39.3,2,1145,4,,,,,,,,,
200,"{'1': 16, '2': 13, '3': 13, '4': 14, '5': 0, '6': 0, '7': 0}",39.9,2,1156,4,,,,,,,,,
201,"{'1': 14, '2': 16, '3': 16, '4': 10, '5': 0, '6': 0, '7': 0}",39.4,2,1148,4,,,,,,,,,
202,"{'1': 15, '2': 15, '3': 17, '4': 9, '5': 0, '6': 0, '7': 0}",39.1,2,1145,4,,,,,,,,,
203,"{'1': 14, '2': 16, '3': 12, '4': 14, '5': 0, '6': 0, '7': 0}",39.8,2,1154,4,,,,,,,,,
204,"{'1': 16, '2': 12, '3': 15, '4': 13, '5': 0, '6': 0, '7': 0}",39.8,2,1153,4,,,,,,,,,
205,"{'1': 12, '2': 16, '3': 15, '4': 13, '5': 0, '6': 0, '7': 0}",39.8,2,1153,4,,,,,,,,,
206,"{'1': 18, '2': 14, '3': 13, '4': 11, '5': 0, '6': 0, '7': 0}",39.5,2,1148,4,,,,,,,,,
207,"{'1': 14, '2': 14, '3': 14, '4': 14, '5': 0, '6': 0, '7': 0}",40.0,2,1162,4,,,,,,,,,
208,"{'1': 17, '2': 14, '3': 16, '4': 9, '5': 0, '6': 0, '7': 0}",39.0,2,1144,4,,,,,,,,,
209,"{'1': 15, '2': 14, '3': 14, '4': 13, '5': 0, '6': 0, '7': 0}",40.0,2,1158,4,,,,,,,,,
210,"{'1': 11, '2': 15, '3': 17, '4': 13, '5': 0, '6': 0, '7': 0}",39.6,2,1149,4,,,,,,,,,
211,"{'1': 13, '2': 15, '3': 14, '4': 14, '5': 0, '6': 0, '7': 0}",40.0,2,1158,4,,,,,,,,,
212,"{'1': 16, '2': 13, '3': 13, '4': 14, '5': 0, '6': 0, '7': 0}",39.9,2,1156,4,,,,,,,,,
213,"{'1': 15, '2': 11, '3': 15, '4': 15, '5': 0, '6': 0, '7': 0}",39.800000000000004,2,1153,4,,,,,,,,,
214,"{'1': 17, '2': 14, '3': 12, '4': 13, '5': 0, '6': 0, '7': 0}",39.7,2,1152,4,,,,,,,,,
215,"{'1': 15, '2': 15, '3': 13, '4': 13, '5': 0, '6': 0, '7': 0}",40.0,2,1157,4,,,,,,,,,
216,"{'1': 12, '2': 12, '3': 14, '4': 18, '5': 0, '6': 0, '7': 0}",39.5,2,1150,4,,,,,,,,,
217,"{'1': 20, '2': 13, '3': 10, '4': 13, '5': 0, '6': 0, '7': 0}",39.0,2,1143,4,,,,,,,,,
218,"{'1': 16, '2': 14, '3': 14, '4': 12, '5': 0, '6': 0, '7': 0}",39.8,2,1154,4,,,,,,,,,
219,"{'1': 13, '2': 14, '3': 14, '4': 15, '5': 0, '6': 0, '7': 0}",40.0,2,1158,4,,,,,,,,,
220,"{'1': 16, '2': 14, '3': 16, '4': 10, '5': 0, '6': 0, '7': 0}",39.4,2,1148,4,,,,,,,,,
221,"{'1': 14, '2': 15, '3': 13, '4': 14, '5': 0, '6': 0, '7': 0}",40.0,2,1158,4,,,,,,,,,
222,"{'1': 16, '2': 15, '3': 14, '4': 11, '5': 0, '6': 0, '7': 0}",39.7,2,1151,4,,,,,,,,,
223,"{'1': 15, '2': 15, '3': 15, '4': 11, '5': 0, '6': 0, '7': 0}",39.800000000000004,2,1153,4,,,,,,,,,
224,"{'1': 14, '2': 12, '3': 16, '4': 14, '5': 0, '6': 0, '7': 0}",39.8,2,1154,4,,,,,,,,,
225,"{'1': 14, '2': 14, '3': 16, '4': 12, '5': 0, '6': 0, '7': 0}",39.8,2,1154,4,,,,,,,,,
226,"{'1': 14, '2': 15, '3': 12, '4': 15, '5': 0, '6': 0, '7': 0}",39.900000000000006,2,1155,4,,,,,,,,,
227,"{'1': 16, '2': 14, '3': 13, '4': 13, '5': 0, '6': 0, '7': 0}",39.9,2,1156,4,,,,,,,,,
228,"{'1': 13, '2': 17, '3': 15, '4': 11, '5': 0, '6': 0, '7': 0}",39.6,2,1149,4,,,,,,,,,
229,"{'1': 14, '2': 10, '3': 14, '4': 18, '5': 0, '6': 0, '7': 0}",39.3,2,1146,4,,,,,,,,,
230,"{'1': 13, '2': 15, '3': 17, '4': 11, '5': 0, '6': 0, '7': 0}",39.6,2,1149,4,,,,,,,,,
231,"{'1': 15, '2': 14, '3': 13, '4': 14, '5': 0, '6': 0, '7': 0}",40.0,2,1158,4,,,,,,,,,
232,"{'1': 13, '2': 18, '3': 14, '4': 11, '5': 0, '6': 0, '7': 0}",39.5,2,1148,4,,,,,,,,,
233,"{'1': 15, '2': 13, '3': 15, '4': 13, '5': 0, '6': 0, '7': 0}",40.0,2,1157,4,,,,,,,,,
234,"{'1': 14, '2': 15, '3': 14, '4': 13, '5': 0, '6': 0, '7': 0}",40.0,2,1158,4,,,,,,,,,
235,"{'1': 20, '2': 15, '3': 10, '4': 11, '5': 0, '6': 0, '7': 0}",38.8,2,1141,4,,,,,,,,,
236,"{'1': 11, '2': 16, '3': 16, '4': 13, '5': 0, '6': 0, '7': 0}",39.599999999999994,2,1150,4,,,,,,,,,
237,"{'1': 14, '2': 15, '3': 13, '4': 14, '5': 0, '6': 0, '7': 0}",40.0,2,1158,4,,,,,,,,,
238,"{'1': 18, '2': 15, '3': 9, '4': 14, '5': 0, '6': 0, '7': 0}",39.0,2,1143,4,,,,,,,,,
239,"{'1': 13, '2': 17, '3': 12, '4': 14, '5': 0, '6': 0, '7': 0}",39.7,2,1152,4,,,,,,,,,
240,"{'1': 16, '2': 12, '3': 15, '4': 13, '5': 0, '6': 0, '7': 0}",39.8,2,1153,4,,,,,,,,,
241,"{'1': 15, '2': 14, '3': 14, '4': 13, '5': 0, '6': 0, '7': 0}",40.0,2,1158,4,,,,,,,,,
242,"{'1': 13, '2': 16, '3': 12, '4': 15, '5': 0, '6': 0, '7': 0}",39.8,2,1153,4,,,,,,,,,
243,"{'1': 13, '2': 13, '3': 15, '4': 15, '5': 0, '6': 0, '7': 0}",40.0,2,1157,4,,,,,,,,,
244,"{'1': 15, '2': 14, '3': 15, '4': 12, '5': 0, '6': 0, '7': 0}",39.900000000000006,2,1155,4,,,,,,,,,
245,"{'1': 18, '2': 10, '3': 14, '4': 14, '5': 0, '6': 0, '7': 0}",39.3,2,1146,4,,,,,,,,,
246,"{'1': 13, '2': 12, '3': 18, '4': 13, '5': 0, '6': 0, '7': 0}",39.599999999999994,2,1151,4,,,,,,,,,
247,"{'1': 14, '2': 15, '3': 15, '4': 12, '5': 0, '6': 0, '7': 0}",39.900000000000006,2,1155,4,,,,,,,,,
248,"{'1': 12, '2': 16, '3': 15, '4': 13, '5': 0, '6': 0, '7': 0}",39.8,2,1153,4,,,,,,,,,
249,"{'1': 19, '2': 13, '3': 13, '4': 11, '5': 0, '6': 0, '7': 0}",39.4,2,1147,4,,,,,,,,,
250,"{'1': 10, '2': 17, '3': 15, '4': 14, '5': 0, '6': 0, '7': 0}",39.400000000000006,2,1147,4,,,,,,,,,
251,"{'1': 12, '2': 15, '3': 11, '4': 18, '5': 0, '6': 0, '7': 0}",39.4,2,1147,4,,,,,,,,,
252,"{'1': 15, '2': 18, '3': 9, '4': 14, '5': 0, '6': 0, '7': 0}",39.0,2,1143,4,,,,,,,,,
253,"{'1': 16, '2': 14, '3': 14, '4': 12, '5': 0, '6': 0, '7': 0}",39.8,2,1154,4,,,,,,,,,
254,"{'1': 14, '2': 17, '3': 14, '4': 11, '5': 0, '6': 0, '7': 0}",39.6,2,1150,4,,,,,,,,,
255,"{'1': 14, '2': 13, '3': 15, '4': 14, '5': 0, '6': 0, '7': 0}",40.0,2,1158,4,,,,,,,,,
256,"{'1': 15, '2': 13, '3': 16, '4': 12, '5': 0, '6': 0, '7': 0}",39.8,2,1153,4,,,,,,,,,
257,"{'1': 12, '2': 13, '3': 17, '4': 14, '5': 0, '6': 0, '7': 0}",39.7,2,1152,4,,,,,,,,,
258,"{'1': 18, '2': 13, '3': 12, '4': 13, '5': 0, '6': 0, '7': 0}",39.6,2,1151,4,,,,,,,,,
259,"{'1': 15, '2': 12, '3': 15, '4': 14, '5': 0, '6': 0, '7': 0}",39.900000000000006,2,1155,4,,,,,,,,,
260,"{'1': 13, '2': 13, '3': 14, '4': 16, '5': 0, '6': 0, '7': 0}",39.9,2,1156,4,,,,,,,,,
261,"{'1': 15, '2': 16, '3': 12, '4': 13, '5': 0, '6': 0, '7': 0}",39.8,2,1153,4,,,,,,,,,
262,"{'1': 12, '2': 13, '3': 15, '4': 16, '5': 0, '6': 0, '7': 0}",39.8,2,1153,4,,,,,,,,,
263,"{'1': 14, '2': 16, '3': 13, '4': 13, '5': 0, '6': 0, '7': 0}",39.9,2,1156,4,,,,,,,,,
264,"{'1': 18, '2': 11, '3': 13, '4': 14, '5': 0, '6': 0, '7': 0}",39.5,2,1148,4,,,,,,,,,
265,"{'1': 18, '2': 15, '3': 15, '4': 8, '5': 0, '6': 0, '7': 0}",38.5,2,1141,4,,,,,,,,,
266,"{'1': 12, '2': 14, '3': 19, '4': 11, '5': 0, '6': 0, '7': 0}",39.3,2,1146,4,,,,,,,,,
267,"{'1': 15, '2': 13, '3': 15, '4': 13, '5': 0, '6': 0, '7': 0}",40.0,2,1157,4,,,,,,,,,
268,"{'1': 14, '2': 15, '3': 16, '4': 11, '5': 0, '6': 0, '7': 0}",39.7,2,1151,4,,,,,,,,,
269,"{'1': 16, '2': 12, '3': 14, '4': 14, '5': 0, '6': 0, '7': 0}",39.8,2,1154,4,,,,,,,,,
270,"{'1': 14, '2': 13, '3': 12, '4': 17, '5': 0, '6': 0, '7': 0}",39.7,2,1152,4,,,,,,,,,
271,"{'1': 18, '2': 12, '3': 12, '4': 14, '5': 0, '6': 0, '7': 0}",39.5,2,1150,4,,,,,,,,,
272,"{'1': 16, '2': 15, '3': 15, '4': 10, '5': 0, '6': 0, '7': 0}",39.5,2,1149,4,,,,,,,,,
273,"{'1': 14, '2': 17, '3': 11, '4': 14, '5': 0, '6': 0, '7': 0}",39.6,2,1150,4,,,,,,,,,
274,"{'1': 16, '2': 16, '3': 12, '4': 12, '5': 0, '6': 0, '7': 0}",39.6,2,1152,4,,,,,,,,,
275,"{'1': 14, '2': 15, '3': 14, '4': 13, '5': 0, '6': 0, '7': 0}",40.0,2,1158,4,,,,,,,,,
276,"{'1': 13, '2': 15, '3': 12, '4': 16, '5': 0, '6': 0, '7': 0}",39.8,2,1153,4,,,,,,,,,
277,"{'1': 12, '2': 16, '3': 12, '4': 16, '5': 0, '6': 0, '7': 0}",39.6,2,1152,4,,,,,,,,,
278,"{'1': 14, '2': 12, '3': 16, '4': 14, '5': 0, '6': 0, '7': 0}",39.8,2,1154,4,,,,,,,,,
279,"{'1': 17, '2': 14, '3': 15, '4': 10, '5': 0, '6': 0, '7': 0}",39.4,2,1147,4,,,,,,,,,
280,"{'1': 17, '2': 11, '3': 17, '4': 11, '5': 0, '6': 0, '7': 0}",39.2,2,1147,4,,,,,,,,,
281,"{'1': 14, '2': 19, '3': 13, '4': 10, '5': 0, '6': 0, '7': 0}",39.2,2,1144,4,,,,,,,,,
282,"{'1': 15, '2': 16, '3': 15, '4': 10, '5': 0, '6': 0, '7': 0}",39.5,2,1149,4,,,,,,,,,
283,"{'1': 15, '2': 14, '3': 11, '4': 16, '5': 0, '6': 0, '7': 0}",39.7,2,1151,4,,,,,,,,,
284,"{'1': 16, '2': 13, '3': 13, '4': 14, '5': 0, '6': 0, '7': 0}",39.9,2,1156,4,,,,,,,,,
285,"{'1': 18, '2': 14, '3': 14, '4': 10, '5': 0, '6': 0, '7': 0}",39.3,2,1146,4,,,,,,,,,
286,"{'1': 12, '2': 15, '3': 14, '4': 15, '5': 0, '6': 0, '7': 0}",39.900000000000006,2,1155,4,,,,,,,,,
287,"{'1': 18, '2': 15, '3': 12, '4': 11, '5': 0, '6': 0, '7': 0}",39.400000000000006,2,1147,4,,,,,,,,,
288,"{'1': 15, '2': 12, '3': 12, '4': 17, '5': 0, '6': 0, '7': 0}",39.6,2,1151,4,,,,,,,,,
289,"{'1': 14, '2': 12, '3': 15, '4': 15, '5': 0, '6': 0, '7': 0}",39.900000000000006,2,1155,4,,,,,,,,,
290,"{'1': 14, '2': 14, '3': 18, '4': 10, '5': 0, '6': 0, '7': 0}",39.3,2,1146,4,,,,,,,,,
291,"{'1': 16, '2': 11, '3': 17, '4': 12, '5': 0, '6': 0, '7': 0}",39.4,2,1148,4,,,,,,,,,
292,"{'1': 14, '2': 16, '3': 12, '4': 14, '5': 0, '6': 0, '7': 0}",39.8,2,1154,4,,,,,,,,,
293,"{'1': 17, '2': 14, '3': 14, '4': 11, '5': 0, '6': 0, '7': 0}",39.6,2,1150,4,,,,,,,,,
294,"{'1': 14, '2': 13, '3': 14, '4': 15, '5': 0, '6': 0, '7': 0}",40.0,2,1158,4,,,,,,,,,
295,"{'1': 16, '2': 13, '3': 13, '4': 14, '5': 0, '6': 0, '7': 0}",39.9,2,1156,4,,,,,,,,,
296,"{'1': 14, '2': 14, '3': 12, '4': 16, '5': 0, '6': 0, '7': 0}",39.8,2,1154,4,,,,,,,,,
297,"{'1': 13, '2': 12, '3': 18, '4': 13, '5': 0, '6': 0, '7': 0}",39.599999999999994,2,1151,4,,,,,,,,,
298,"{'1': 18, '2': 13, '3': 12, '4': 13, '5': 0, '6': 0, '7': 0}",39.6,2,1151,4,,,,,,,,,
299,"{'1': 15, '2': 16, '3': 13, '4': 12, '5': 0, '6': 0, '7': 0}",39.8,2,1153,4,,,,,,,,,
300,"{'1': 10, '2': 13, '3': 17, '4': 16, '5': 0, '6': 0, '7': 0}",39.3,2,1146,4,,,,,,,,,
301,"{'1': 14, '2': 13, '3': 17, '4': 12, '5': 0, '6': 0, '7': 0}",39.7,2,1152,4,,,,,,,,,
302,"{'1': 17, '2': 15, '3': 12, '4': 12, '5': 0, '6': 0, '7': 0}",39.6,2,1151,4,,,,,,,,,
303,"{'1': 17, '2': 13, '3': 13, '4': 13, '5': 0, '6': 0, '7': 0}",39.8,2,1155,4,,,,,,,,,
304,"{'1': 15, '2': 13, '3': 13, '4': 15, '5': 0, '6': 0, '7': 0}",40.0,2,1157,4,,,,,,,,,
305,"{'1': 13, '2': 15, '3': 15, '4': 13, '5': 0, '6': 0, '7': 0}",40.0,2,1157,4,,,,,,,,,
306,"{'1': 15, '2': 14, '3': 11, '4': 16, '5': 0, '6': 0, '7': 0}",39.7,2,1151,4,,,,,,,,,
307,"{'1': 17, '2': 10, '3': 14, '4': 15, '5': 0, '6': 0, '7': 0}",39.400000000000006,2,1147,4,,,,,,,,,
308,"{'1': 15, '2': 16, '3': 11, '4': 14, '5': 0, '6': 0, '7': 0}",39.7,2,1151,4,,,,,,,,,
309,"{'1': 14, '2': 12, '3': 15, '4': 15, '5': 0, '6': 0, '7': 0}",39.900000000000006,2,1155,4,,,,,,,,,
310,"{'1': 16, '2': 13, '3': 15, '4': 12, '5': 0, '6': 0, '7': 0}",39.8,2,1153,4,,,,,,,,,
311,"{'1': 14, '2': 15, '3': 15, '4': 12, '5': 0, '6': 0, '7': 0}",39.900000000000006,2,1155,4,,,,,,,,,
312,"{'1': 18, '2': 14, '3': 12, '4': 12, '5': 0, '6': 0, '7': 0}",39.5,2,1150,4,,,,,,,,,
313,"{'1': 18, '2': 12, '3': 13, '4': 13, '5': 0, '6': 0, '7': 0}",39.6,2,1151,4,,,,,,,,,
314,"{'1': 16, '2': 12, '3': 14, '4': 14, '5': 0, '6': 0, '7': 0}",39.8,2,1154,4,,,,,,,,,
315,"{'1': 12, '2': 14, '3': 15, '4': 15, '5': 0, '6': 0, '7': 0}",39.900000000000006,2,1155,4,,,,,,,,,
316,"{'1': 15, '2': 13, '3': 14, '4': 14, '5': 0, '6': 0, '7': 0}",40.0,2,1158,4,,,,,,,,,
317,"{'1': 15, '2': 15, '3': 13, '4': 13, '5': 0, '6': 0, '7': 0}",40.0,2,1157,4,,,,,,,,,
318,"{'1': 16, '2': 16, '3': 12, '4': 12, '5': 0, '6': 0, '7': 0}",39.6,2,1152,4,,,,,,,,,
319,"{'1': 15, '2': 14, '3': 13, '4': 14, '5': 0, '6': 0, '7': 0}",40.0,2,1158,4,,,,,,,,,
320,"{'1': 15, '2': 16, '3': 12, '4': 13, '5': 0, '6': 0, '7': 0}",39.8,2,1153,4,,,,,,,,,
321,"{'1': 14, '2': 14, '3': 14, '4': 14, '5': 0, '6': 0, '7': 0}",40.0,2,1162,4,,,,,,,,,
322,"{'1': 15, '2': 14, '3': 13, '4': 14, '5': 0, '6': 0, '7': 0}",40.0,2,1158,4,,,,,,,,,
323,"{'1': 14, '2': 15, '3': 14, '4': 13, '5': 0, '6': 0, '7': 0}",40.0,2,1158,4,,,,,,,,,
324,"{'1': 16, '2': 15, '3': 15, '4': 10, '5': 0, '6': 0, '7': 0}",39.5,2,1149,4,,,,,,,,,
325,"{'1': 12, '2': 16, '3': 14, '4': 14, '5': 0, '6': 0, '7': 0}",39.8,2,1154,4,,,,,,,,,
326,"{'1': 18, '2': 15, '3': 11, '4': 12, '5': 0, '6': 0, '7': 0}",39.400000000000006,2,1147,4,,,,,,,,,
327,"{'1': 17, '2': 13, '3': 12, '4': 14, '5': 0, '6': 0, '7': 0}",39.7,2,1152,4,,,,,,,,,
328,"{'1': 13, '2': 19, '3': 11, '4': 13, '5': 0, '6': 0, '7': 0}",39.39999999999999,2,1147,4,,,,,,,,,
329,"{'1': 13, '2': 12, '3': 17, '4': 14, '5': 0, '6': 0, '7': 0}",39.7,2,1152,4,,,,,,,,,
330,"{'1': 16, '2': 15, '3': 13, '4': 12, '5': 0, '6': 0, '7': 0}",39.8,2,1153,4,,,,,,,,,
331,"{'1': 13, '2': 17, '3': 14, '4': 12, '5': 0, '6': 0, '7': 0}",39.7,2,1152,4,,,,,,,,,
332,"{'1': 13, '2': 14, '3': 13, '4': 16, '5': 0, '6': 0, '7': 0}",39.9,2,1156,4,,,,,,,,,
333,"{'1': 15, '2': 15, '3': 13, '4': 13, '5': 0, '6': 0, '7': 0}",40.0,2,1157,4,,,,,,,,,
334,"{'1': 12, '2': 19, '3': 15, '4': 10, '5': 0, '6': 0, '7': 0}",39.1,2,1143,4,,,,,,,,,
335,"{'1': 16, '2': 15, '3': 14, '4': 11, '5': 0, '6': 0, '7': 0}",39.7,2,1151,4,,,,,,,,,
336,"{'1': 14, '2': 16, '3': 14, '4': 12, '5': 0, '6': 0, '7': 0}",39.8,2,1154,4,,,,,,,,,
337,"{'1': 16, '2': 15, '3': 13, '4': 12, '5': 0, '6': 0, '7': 0}",39.8,2,1153,4,,,,,,,,,
338,"{'1': 16, '2': 14, '3': 11, '4': 15, '5': 0, '6': 0, '7': 0}",39.7,2,1151,4,,,,,,,,,
339,"{'1': 15, '2': 12, '3': 14, '4': 15, '5': 0, '6': 0, '7': 0}",39.900000000000006,2,1155,4,,,,,,,,,
340,"{'1': 15, '2': 14, '3': 14, '4': 13, '5': 0, '6': 0, '7': 0}",40.0,2,1158,4,,,,,,,,,
341,"{'1': 17, '2': 15, '3': 9, '4': 15, '5': 0, '6': 0, '7': 0}",39.1,2,1145,4,,,,,,,,,
342,"{'1': 14, '2': 15, '3': 13, '4': 14, '5': 0, '6': 0, '7': 0}",40.0,2,1158,4,,,,,,,,,
343,"{'1': 12, '2': 17, '3': 12, '4': 15, '5': 0, '6': 0, '7': 0}",39.6,2,1151,4,,,,,,,,,
344,"{'1': 14, '2': 15, '3': 15, '4': 12, '5': 0, '6': 0, '7': 0}",39.900000000000006,2,1155,4,,,,,,,,,
345,"{'1': 13, '2': 14, '3': 13, '4': 16, '5': 0, '6': 0, '7': 0}",39.9,2,1156,4,,,,,,,,,
346,"{'1': 12, '2': 17, '3': 14, '4': 13, '5': 0, '6': 0, '7': 0}",39.7,2,1152,4,,,,,,,,,
347,"{'1': 16, '2': 12, '3': 12, '4': 16, '5': 0, '6': 0, '7': 0}",39.6,2,1152,4,,,,,,,,,
348,"{'1': 12, '2': 17, '3': 16, '4': 11, '5': 0, '6': 0, '7': 0}",39.4,2,1148,4,,,,,,,,,
349,"{'1': 11, '2': 15, '3': 16, '4': 14, '5': 0, '6': 0, '7': 0}",39.7,2,1151,4,,,,,,,,,
350,"{'1': 18, '2': 11, '3': 16, '4': 11, '5': 0, '6': 0, '7': 0}",39.2,2,1146,4,,,,,,,,,
351,"{'1': 12, '2': 16, '3': 16, '4': 12, '5': 0, '6': 0, '7': 0}",39.6,2,1152,4,,,,,,,,,
352,"{'1': 16, '2': 13, '3': 13, '4': 14, '5': 0, '6': 0, '7': 0}",39.9,2,1156,4,,,,,,,,,
353,"{'1': 16, '2': 12, '3': 14, '4': 14, '5': 0, '6': 0, '7': 0}",39.8,2,1154,4,,,,,,,,,
354,"{'1': 14, '2': 14, '3': 16, '4': 12, '5': 0, '6': 0, '7': 0}",39.8,2,1154,4,,,,,,,,,
355,"{'1': 13, '2': 17, '3': 13, '4': 13, '5': 0, '6': 0, '7': 0}",39.8,2,1155,4,,,,,,,,,
356,"{'1': 13, '2': 14, '3': 13, '4': 16, '5': 0, '6': 0, '7': 0}",39.9,2,1156,4,,,,,,,,,
357,"{'1': 16, '2': 13, '3': 14, '4': 13, '5': 0, '6': 0, '7': 0}",39.9,2,1156,4,,,,,,,,,
358,"{'1': 15, '2': 12, '3': 16, '4': 13, '5': 0, '6': 0, '7': 0}",39.8,2,1153,4,,,,,,,,,
359,"{'1': 16, '2': 12, '3': 14, '4': 14, '5': 0, '6': 0, '7': 0}",39.8,2,1154,4,,,,,,,,,
360,"{'1': 13, '2': 12, '3': 19, '4': 12, '5': 0, '6': 0, '7': 0}",39.400000000000006,2,1149,4,,,,,,,,,
361,"{'1': 16, '2': 12, '3': 16, '4': 12, '5': 0, '6': 0, '7': 0}",39.6,2,1152,4,,,,,,,,,
362,"{'1': 16, '2': 17, '3': 11, '4': 12, '5': 0, '6': 0, '7': 0}",39.400000000000006,2,1148,4,,,,,,,,,
363,"{'1': 15, '2': 15, '3': 11, '4': 15, '5': 0, '6': 0, '7': 0}",39.8,2,1153,4,,,,,,,,,
364,"{'1': 12, '2': 17, '3': 15, '4': 12, '5': 0, '6': 0, '7': 0}",39.6,2,1151,4,,,,,,,,,
365,"{'1': 14, '2': 12, '3': 16, '4': 14, '5': 0, '6': 0, '7': 0}",39.8,2,1154,4,,,,,,,,,
366,"{'1': 17, '2': 12, '3': 13, '4': 14, '5': 0, '6': 0, '7': 0}",39.7,2,1152,4,,,,,,,,,
367,"{'1': 13, '2': 14, '3': 17, '4': 12, '5': 0, '6': 0, '7': 0}",39.7,2,1152,4,,,,,,,,,
368,"{'1': 16, '2': 13, '3': 12, '4': 15, '5': 0, '6': 0, '7': 0}",39.8,2,1153,4,,,,,,,,,
369,"{'1': 15, '2': 15, '3': 12, '4': 14, '5': 0, '6': 0, '7': 0}",39.900000000000006,2,1155,4,,,,,,,,,
370,"{'1': 16, '2': 15, '3': 13, '4': 12, '5': 0, '6': 0, '7': 0}",39.8,2,1153,4,,,,,,,,,
371,"{'1': 17, '2': 15, '3': 13, '4': 11, '5': 0, '6': 0, '7': 0}",39.6,2,1149,4,,,,,,,,,
372,"{'1': 15, '2': 15, '3': 14, '4': 12, '5': 0, '6': 0, '7': 0}",39.900000000000006,2,1155,4,,,,,,,,,
373,"{'1': 15, '2': 15, '3': 13, '4': 13, '5': 0, '6': 0, '7': 0}",40.0,2,1157,4,,,,,,,,,
374,"{'1': 16, '2': 16, '3': 13, '4': 11, '5': 0, '6': 0, '7': 0}",39.6,2,1150,4,,,,,,,,,
375,"{'1': 15, '2': 12, '3': 14, '4': 15, '5': 0, '6': 0, '7': 0}",39.900000000000006,2,1155,4,,,,,,,,,
376,"{'1': 13, '2': 19, '3': 10, '4': 14, '5': 0, '6': 0, '7': 0}",39.199999999999996,2,1144,4,,,,,,,,,
377,"{'1': 15, '2': 14, '3': 13, '4': 14, '5': 0, '6': 0, '7': 0}",40.0,2,1158,4,,,,,,,,,
378,"{'1': 15, '2': 16, '3': 13, '4': 12, '5': 0, '6': 0, '7': 0}",39.8,2,1153,4,,,,,,,,,
379,"{'1': 18, '2': 14, '3': 13, '4': 11, '5': 0, '6': 0, '7': 0}",39.5,2,1148,4,,,,,,,,,
380,"{'1': 12, '2': 15, '3': 12, '4': 17, '5': 0, '6': 0, '7': 0}",39.6,2,1151,4,,,,,,,,,
381,"{'1': 16, '2': 14, '3': 15, '4': 11, '5': 0, '6': 0, '7': 0}",39.7,2,1151,4,,,,,,,,,
382,"{'1': 15, '2': 14, '3': 14, '4': 13, '5': 0, '6': 0, '7': 0}",40.0,2,1158,4,,,,,,,,,
383,"{'1': 15, '2': 16, '3': 14, '4': 11, '5': 0, '6': 0, '7': 0}",39.7,2,1151,4,,,,,,,,,
384,"{'1': 14, '2': 14, '3': 15, '4': 13, '5': 0, '6': 0, '7': 0}",40.0,2,1158,4,,,,,,,,,
385,"{'1': 13, '2': 14, '3': 15, '4': 14, '5': 0, '6': 0, '7': 0}",40.0,2,1158,4,,,,,,,,,
386,"{'1': 17, '2': 12, '3': 12, '4': 15, '5': 0, '6': 0, '7': 0}",39.6,2,1151,4,,,,,,,,,
387,"{'1': 15, '2': 12, '3': 14, '4': 15, '5': 0, '6': 0, '7': 0}",39.900000000000006,2,1155,4,,,,,,,,,
388,"{'1': 12, '2': 14, '3': 15, '4': 15, '5': 0, '6': 0, '7': 0}",39.900000000000006,2,1155,4,,,,,,,,,
389,"{'1': 14, '2': 16, '3': 13, '4': 13, '5': 0, '6': 0, '7': 0}",39.9,2,1156,4,,,,,,,,,
390,"{'1': 14, '2': 15, '3': 16, '4': 11, '5': 0, '6': 0, '7': 0}",39.7,2,1151,4,,,,,,,,,
391,"{'1': 14, '2': 14, '3': 14, '4': 14, '5': 0, '6': 0, '7': 0}",40.0,2,1162,4,,,,,,,,,
392,"{'1': 14, '2': 13, '3': 14, '4': 15, '5': 0, '6': 0, '7': 0}",40.0,2,1158,4,,,,,,,,,
393,"{'1': 16, '2': 14, '3': 12, '4': 14, '5': 0, '6': 0, '7': 0}",39.8,2,1154,4,,,,,,,,,
394,"{'1': 14, '2': 12, '3': 16, '4': 14, '5': 0, '6': 0, '7': 0}",39.8,2,1154,4,,,,,,,,,
395,"{'1': 18, '2': 12, '3': 13, '4': 13, '5': 0, '6': 0, '7': 0}",39.6,2,1151,4,,,,,,,,,
396,"{'1': 11, '2': 17, '3': 11, '4': 17, '5': 0, '6': 0, '7': 0}",39.2,2,1147,4,,,,,,,,,
397,"{'1': 16, '2': 14, '3': 13, '4': 13, '5': 0, '6': 0, '7': 0}",39.9,2,1156,4,,,,,,,,,
398,"{'1': 16, '2': 12, '3': 13, '4': 15, '5': 0, '6': 0, '7': 0}",39.8,2,1153,4,,,,,,,,,
399,"{'1': 15, '2': 13, '3': 13, '4': 15, '5': 0, '6': 0, '7': 0}",40.0,2,1157,4,,,,,,,,,
400,"{'1': 17, '2': 13, '3': 12, '4': 14, '5': 0, '6': 0, '7': 0}",39.7,2,1152,4,,,,,,,,,
401,"{'1': 13, '2': 16, '3': 16, '4': 11, '5': 0, '6': 0, '7': 0}",39.6,2,1150,4,,,,,,,,,
402,"{'1': 16, '2': 13, '3': 13, '4': 14, '5': 0, '6': 0, '7': 0}",39.9,2,1156,4,,,,,,,,,
403,"{'1': 15, '2': 14, '3': 12, '4': 15, '5': 0, '6': 0, '7': 0}",39.900000000000006,2,1155,4,,,,,,,,,
404,"{'1': 14, '2': 13, '3': 18, '4': 11, '5': 0, '6': 0, '7': 0}",39.5,2,1148,4,,,,,,,,,
405,"{'1': 16, '2': 16, '3': 11, '4': 13, '5': 0, '6': 0, '7': 0}",39.599999999999994,2,1150,4,,,,,,,,,
406,"{'1': 18, '2': 15, '3': 11, '4': 12, '5': 0, '6': 0, '7': 0}",39.400000000000006,2,1147,4,,,,,,,,,
407,"{'1': 16, '2': 13, '3': 15, '4': 12, '5': 0, '6': 0, '7': 0}",39.8,2,1153,4,,,,,,,,,
408,"{'1': 16, '2': 15, '3': 14, '4': 11, '5': 0, '6': 0, '7': 0}",39.7,2,1151,4,,,,,,,,,
409,"{'1': 17, '2': 12, '3': 13, '4': 14, '5': 0, '6': 0, '7': 0}",39.7,2,1152,4,,,,,,,,,
410,"{'1': 17, '2': 16, '3': 11, '4': 12, '5': 0, '6': 0, '7': 0}",39.400000000000006,2,1148,4,,,,,,,,,
411,"{'1': 16, '2': 12, '3': 13, '4': 15, '5': 0, '6': 0, '7': 0}",39.8,2,1153,4,,,,,,,,,
412,"{'1': 15, '2': 14, '3': 16, '4': 11, '5': 0, '6': 0, '7': 0}",39.7,2,1151,4,,,,,,,,,
413,"{'1': 11, '2': 15, '3': 15, '4': 15, '5': 0, '6': 0, '7': 0}",39.800000000000004,2,1153,4,,,,,,,,,
414,"{'1': 16, '2': 13, '3': 11, '4': 16, '5': 0, '6': 0, '7': 0}",39.6,2,1150,4,,,,,,,,,
415,"{'1': 17, '2': 10, '3': 15, '4': 14, '5': 0, '6': 0, '7': 0}",39.400000000000006,2,1147,4,,,,,,,,,
416,"{'1': 16, '2': 14, '3': 15, '4': 11, '5': 0, '6': 0, '7': 0}",39.7,2,1151,4,,,,,,,,,
417,"{'1': 14, '2': 13, '3': 15, '4': 14, '5': 0, '6': 0, '7': 0}",40.0,2,1158,4,,,,,,,,,
418,"{'1': 12, '2': 14, '3': 18, '4': 12, '5': 0, '6': 0, '7': 0}",39.5,2,1150,4,,,,,,,,,
419,"{'1': 13, '2': 14, '3': 14, '4': 15, '5': 0, '6': 0, '7': 0}",40.0,2,1158,4,,,,,,,,,
420,"{'1': 15, '2': 14, '3': 18, '4': 9, '5': 0, '6': 0, '7': 0}",39.0,2,1143,4,,,,,,,,,
421,"{'1': 13, '2': 17, '3': 12, '4': 14, '5': 0, '6': 0, '7': 0}",39.7,2,1152,4,,,,,,,,,
422,"{'1': 18, '2': 14, '3': 14, '4': 10, '5': 0, '6': 0, '7': 0}",39.3,2,1146,4,,,,,,,,,
423,"{'1': 16, '2': 13, '3': 14, '4': 13, '5': 0, '6': 0, '7': 0}",39.9,2,1156,4,,,,,,,,,
424,"{'1': 14, '2': 16, '3': 11, '4': 15, '5': 0, '6': 0, '7': 0}",39.7,2,1151,4,,,,,,,,,
425,"{'1': 15, '2': 14, '3': 11, '4': 16, '5': 0, '6': 0, '7': 0}",39.7,2,1151,4,,,,,,,,,
426,"{'1': 16, '2': 15, '3': 14, '4': 11, '5': 0, '6': 0, '7': 0}",39.7,2,1151,4,,,,,,,,,
427,"{'1': 14, '2': 16, '3': 16, '4': 10, '5': 0, '6': 0, '7': 0}",39.4,2,1148,4,,,,,,,,,
428,"{'1': 14, '2': 18, '3': 12, '4': 12, '5': 0, '6': 0, '7': 0}",39.5,2,1150,4,,,,,,,,,
429,"{'1': 16, '2': 17, '3': 10, '4': 13, '5': 0, '6': 0, '7': 0}",39.3,2,1146,4,,,,,,,,,
430,"{'1': 15, '2': 15, '3': 13, '4': 13, '5': 0, '6': 0, '7': 0}",40.0,2,1157,4,,,,,,,,,
431,"{'1': 14, '2': 14, '3': 12, '4': 16, '5': 0, '6': 0, '7': 0}",39.8,2,1154,4,,,,,,,,,
432,"{'1': 16, '2': 14, '3': 14, '4': 12, '5': 0, '6': 0, '7': 0}",39.8,2,1154,4,,,,,,,,,
433,"{'1': 14, '2': 14, '3': 15, '4': 13, '5': 0, '6': 0, '7': 0}",40.0,2,1158,4,,,,,,,,,
434,"{'1': 13, '2': 14, '3': 18, '4': 11, '5': 0, '6': 0, '7': 0}",39.5,2,1148,4,,,,,,,,,
435,"{'1': 19, '2': 12, '3': 11, '4': 14, '5': 0, '6': 0, '7': 0}",39.3,2,1146,4,,,,,,,,,
436,"{'1': 15, '2': 16, '3': 11, '4': 14, '5': 0, '6': 0, '7': 0}",39.7,2,1151,4,,,,,,,,,
437,"{'1': 15, '2': 15, '3': 12, '4': 14, '5': 0, '6': 0, '7': 0}",39.900000000000006,2,1155,4,,,,,,,,,
438,"{'1': 12, '2': 17, '3': 14, '4': 13, '5': 0, '6': 0, '7': 0}",39.7,2,1152,4,,,,,,,,,
439,"{'1': 15, '2': 13, '3': 13, '4': 15, '5': 0, '6': 0, '7': 0}",40.0,2,1157,4,,,,,,,,,
440,"{'1': 18, '2': 14, '3': 9, '4': 15, '5': 0, '6': 0, '7': 0}",39.0,2,1143,4,,,,,,,,,
441,"{'1': 18, '2': 12, '3': 15, '4': 11, '5': 0, '6': 0, '7': 0}",39.400000000000006,2,1147,4,,,,,,,,,
442,"{'1': 16, '2': 15, '3': 12, '4': 13, '5': 0, '6': 0, '7': 0}",39.8,2,1153,4,,,,,,,,,
443,"{'1': 10, '2': 14, '3': 17, '4': 15, '5': 0, '6': 0, '7': 0}",39.4,2,1147,4,,,,,,,,,
444,"{'1': 14, '2': 16, '3': 16, '4': 10, '5': 0, '6': 0, '7': 0}",39.4,2,1148,4,,,,,,,,,
445,"{'1': 15, '2': 14, '3': 10, '4': 17, '5': 0, '6': 0, '7': 0}",39.400000000000006,2,1147,4,,,,,,,,,
446,"{'1': 15, '2': 14, '3': 10, '4': 17, '5': 0, '6': 0, '7': 0}",39.400000000000006,2,1147,4,,,,,,,,,
447,"{'1': 12, '2': 15, '3': 15, '4': 14, '5': 0, '6': 0, '7': 0}",39.900000000000006,2,1155,4,,,,,,,,,
448,"{'1': 19, '2': 17, '3': 8, '4': 12, '5': 0, '6': 0, '7': 0}",38.099999999999994,2,1137,4,,,,,,,,,
449,"{'1': 14, '2': 12, '3': 14, '4': 16, '5': 0, '6': 0, '7': 0}",39.8,2,1154,4,,,,,,,,,
450,"{'1': 17, '2': 16, '3': 14, '4': 9, '5': 0, '6': 0, '7': 0}",39.0,2,1144,4,,,,,,,,,
451,"{'1': 16, '2': 13, '3': 16, '4': 11, '5': 0, '6': 0, '7': 0}",39.6,2,1150,4,,,,,,,,,
452,"{'1': 15, '2': 15, '3': 12, '4': 14, '5': 0, '6': 0, '7': 0}",39.900000000000006,2,1155,4,,,,,,,,,
453,"{'1': 17, '2': 14, '3': 13, '4': 12, '5': 0, '6': 0, '7': 0}",39.7,2,1152,4,,,,,,,,,
454,"{'1': 13, '2': 13, '3': 13, '4': 17, '5': 0, '6': 0, '7': 0}",39.8,2,1155,4,,,,,,,,,
455,"{'1': 19, '2': 12, '3': 13, '4': 12, '5': 0, '6': 0, '7': 0}",39.4,2,1149,4,,,,,,,,,
456,"{'1': 16, '2': 13, '3': 13, '4': 14, '5': 0, '6': 0, '7': 0}",39.9,2,1156,4,,,,,,,,,
457,"{'1': 17, '2': 15, '3': 12, '4': 12, '5': 0, '6': 0, '7': 0}",39.6,2,1151,4,,,,,,,,,
458,"{'1': 17, '2': 13, '3': 13, '4': 13, '5': 0, '6': 0, '7': 0}",39.8,2,1155,4,,,,,,,,,
459,"{'1': 12, '2': 12, '3': 15, '4': 17, '5': 0, '6': 0, '7': 0}",39.6,2,1151,4,,,,,,,,,
460,"{'1': 16, '2': 10, '3': 17, '4': 13, '5': 0, '6': 0, '7': 0}",39.3,2,1146,4,,,,,,,,,
461,"{'1': 13, '2': 15, '3': 15, '4': 13, '5': 0, '6': 0, '7': 0}",40.0,2,1157,4,,,,,,,,,
462,"{'1': 15, '2': 13, '3': 16, '4': 12, '5': 0, '6': 0, '7': 0}",39.8,2,1153,4,,,,,,,,,
463,"{'1': 15, '2': 14, '3': 14, '4': 13, '5': 0, '6': 0, '7': 0}",40.0,2,1158,4,,,,,,,,,
464,"{'1': 15, '2': 11, '3': 15, '4': 15, '5': 0, '6': 0, '7': 0}",39.800000000000004,2,1153,4,,,,,,,,,
465,"{'1': 14, '2': 12, '3': 12, '4': 18, '5': 0, '6': 0, '7': 0}",39.5,2,1150,4,,,,,,,,,
466,"{'1': 17, '2': 12, '3': 14, '4': 13, '5': 0, '6': 0, '7': 0}",39.7,2,1152,4,,,,,,,,,
467,"{'1': 16, '2': 15, '3': 13, '4': 12, '5': 0, '6': 0, '7': 0}",39.8,2,1153,4,,,,,,,,,
468,"{'1': 15, '2': 12, '3': 11, '4': 18, '5': 0, '6': 0, '7': 0}",39.4,2,1147,4,,,,,,,,,
469,"{'1': 16, '2': 16, '3': 12, '4': 12, '5': 0, '6': 0, '7': 0}",39.6,2,1152,4,,,,,,,,,
470,"{'1': 13, '2': 16, '3': 14, '4': 13, '5': 0, '6': 0, '7': 0}",39.9,2,1156,4,,,,,,,,,
471,"{'1': 15, '2': 18, '3': 10, '4': 13, '5': 0, '6': 0, '7': 0}",39.3,2,1145,4,,,,,,,,,
472,"{'1': 15, '2': 13, '3': 11, '4': 17, '5': 0, '6': 0, '7': 0}",39.599999999999994,2,1149,4,,,,,,,,,
473,"{'1': 14, '2': 17, '3': 11, '4': 14, '5': 0, '6': 0, '7': 0}",39.6,2,1150,4,,,,,,,,,
474,"{'1': 13, '2': 15, '3': 15, '4': 13, '5': 0, '6': 0, '7': 0}",40.0,2,1157,4,,,,,,,,,
475,"{'1': 17, '2': 14, '3': 12, '4': 13, '5': 0, '6': 0, '7': 0}",39.7,2,1152,4,,,,,,,,,
476,"{'1': 15, '2': 12, '3': 14, '4': 15, '5': 0, '6': 0, '7': 0}",39.900000000000006,2,1155,4,,,,,,,,,
477,"{'1': 13, '2': 13, '3': 17, '4': 13, '5': 0, '6': 0, '7': 0}",39.8,2,1155,4,,,,,,,,,
478,"{'1': 17, '2': 13, '3': 12, '4': 14, '5': 0, '6': 0, '7': 0}",39.7,2,1152,4,,,,,,,,,
479,"{'1': 17, '2': 12, '3': 15, '4': 12, '5': 0, '6': 0, '7': 0}",39.6,2,1151,4,,,,,,,,,
480,"{'1': 14, '2': 17, '3': 14, '4': 11, '5': 0, '6': 0, '7': 0}",39.6,2,1150,4,,,,,,,,,
481,"{'1': 12, '2': 16, '3': 12, '4': 16, '5': 0, '6': 0, '7': 0}",39.6,2,1152,4,,,,,,,,,
482,"{'1': 15, '2': 13, '3': 15, '4': 13, '5': 0, '6': 0, '7': 0}",40.0,2,1157,4,,,,,,,,,
483,"{'1': 15, '2': 17, '3': 12, '4': 12, '5': 0, '6': 0, '7': 0}",39.6,2,1151,4,,,,,,,,,
484,"{'1': 12, '2': 15, '3': 17, '4': 12, '5': 0, '6': 0, '7': 0}",39.6,2,1151,4,,,,,,,,,
485,"{'1': 15, '2': 11, '3': 15, '4': 15, '5': 0, '6': 0, '7': 0}",39.800000000000004,2,1153,4,,,,,,,,,
486,"{'1': 14, '2': 12, '3': 16, '4': 14, '5': 0, '6': 0, '7': 0}",39.8,2,1154,4,,,,,,,,,
487,"{'1': 16, '2': 12, '3': 13, '4': 15, '5': 0, '6': 0, '7': 0}",39.8,2,1153,4,,,,,,,,,
488,"{'1': 14, '2': 15, '3': 14, '4': 13, '5': 0, '6': 0, '7': 0}",40.0,2,1158,4,,,,,,,,,
489,"{'1': 13, '2': 14, '3': 19, '4': 10, '5': 0, '6': 0, '7': 0}",39.199999999999996,2,1144,4,,,,,,,,,
490,"{'1': 13, '2': 16, '3': 13, '4': 14, '5': 0, '6': 0, '7': 0}",39.9,2,1156,4,,,,,,,,,
491,"{'1': 12, '2': 15, '3': 13, '4': 16, '5': 0, '6': 0, '7': 0}",39.8,2,1153,4,,,,,,,,,
492,"{'1': 15, '2': 13, '3': 15, '4': 13, '5': 0, '6': 0, '7': 0}",40.0,2,1157,4,,,,,,,,,
493,"{'1': 16, '2': 15, '3': 14, '4': 11, '5': 0, '6': 0, '7': 0}",39.7,2,1151,4,,,,,,,,,
494,"{'1': 13, '2': 14, '3': 17, '4': 12, '5': 0, '6': 0, '7': 0}",39.7,2,1152,4,,,,,,,,,
495,"{'1': 13, '2': 15, '3': 16, '4': 12, '5': 0, '6': 0, '7': 0}",39.8,2,1153,4,,,,,,,,,
496,"{'1': 13, '2': 14, '3': 14, '4': 15, '5': 0, '6': 0, '7': 0}",40.0,2,1158,4,,,,,,,,,
497,"{'1': 18, '2': 17, '3': 12, '4': 9, '5': 0, '6': 0, '7': 0}",38.7,2,1141,4,,,,,,,,,
498,"{'1': 13, '2': 16, '3': 14, '4': 13, '5': 0, '6': 0, '7': 0}",39.9,2,1156,4,,,,,,,,,
499,"{'1': 13, '2': 15, '3': 15, '4': 13, '5': 0, '6': 0, '7': 0}",40.0,2,1157,4,,,,,,,,,
500,"{'1': 16, '2': 15, '3': 13, '4': 12, '5': 0, '6': 0, '7': 0}",39.8,2,1153,4,,,,,,,,,
501,"{'1': 14, '2': 13, '3': 15, '4': 14, '5': 0, '6': 0, '7': 0}",40.0,2,1158,4,,,,,,,,,
502,"{'1': 14, '2': 14, '3': 13, '4': 15, '5': 0, '6': 0, '7': 0}",40.0,2,1158,4,,,,,,,,,
503,"{'1': 15, '2': 10, '3': 15, '4': 16, '5': 0, '6': 0, '7': 0}",39.5,2,1149,4,,,,,,,,,
504,"{'1': 17, '2': 15, '3': 11, '4': 13, '5': 0, '6': 0, '7': 0}",39.599999999999994,2,1149,4,,,,,,,,,
505,"{'1': 15, '2': 13, '3': 14, '4': 14, '5': 0, '6': 0, '7': 0}",40.0,2,1158,4,,,,,,,,,
506,"{'1': 13, '2': 17, '3': 12, '4': 14, '5': 0, '6': 0, '7': 0}",39.7,2,1152,4,,,,,,,,,
507,"{'1': 15, '2': 14, '3': 12, '4': 15, '5': 0, '6': 0, '7': 0}",39.900000000000006,2,1155,4,,,,,,,,,
508,"{'1': 13, '2': 17, '3': 14, '4': 12, '5': 0, '6': 0, '7': 0}",39.7,2,1152,4,,,,,,,,,
509,"{'1': 15, '2': 15, '3': 13, '4': 13, '5': 0, '6': 0, '7': 0}",40.0,2,1157,4,,,,,,,,,
510,"{'1': 16, '2': 14, '3': 11, '4': 15, '5': 0, '6': 0, '7': 0}",39.7,2,1151,4,,,,,,,,,
511,"{'1': 17, '2': 15, '3': 15, '4': 9, '5': 0, '6': 0, '7': 0}",39.1,2,1145,4,,,,,,,,,
512,"{'1': 14, '2': 13, '3': 14, '4': 15, '5': 0, '6': 0, '7': 0}",40.0,2,1158,4,,,,,,,,,
513,"{'1': 16, '2': 13, '3': 15, '4': 12, '5': 0, '6': 0, '7': 0}",39.8,2,1153,4,,,,,,,,,
514,"{'1': 13, '2': 15, '3': 15, '4': 13, '5': 0, '6': 0, '7': 0}",40.0,2,1157,4,,,,,,,,,
515,"{'1': 14, '2': 14, '3': 13, '4': 15, '5': 0, '6': 0, '7': 0}",40.0,2,1158,4,,,,,,,,,
516,"{'1': 14, '2': 15, '3': 13, '4': 14, '5': 0, '6': 0, '7': 0}",40.0,2,1158,4,,,,,,,,,
517,"{'1': 13, '2': 14, '3': 13, '4': 16, '5': 0, '6': 0, '7': 0}",39.9,2,1156,4,,,,,,,,,
518,"{'1': 17, '2': 16, '3': 14, '4': 9, '5': 0, '6': 0, '7': 0}",39.0,2,1144,4,,,,,,,,,
519,"{'1': 14, '2': 14, '3': 13, '4': 15, '5': 0, '6': 0, '7': 0}",40.0,2,1158,4,,,,,,,,,
520,"{'1': 16, '2': 12, '3': 13, '4': 15, '5': 0, '6': 0, '7': 0}",39.8,2,1153,4,,,,,,,,,
521,"{'1': 13, '2': 13, '3': 14, '4': 16, '5': 0, '6': 0, '7': 0}",39.9,2,1156,4,,,,,,,,,
522,"{'1': 16, '2': 15, '3': 15, '4': 10, '5': 0, '6': 0, '7': 0}",39.5,2,1149,4,,,,,,,,,
523,"{'1': 16, '2': 15, '3': 11, '4': 14, '5': 0, '6': 0, '7': 0}",39.7,2,1151,4,,,,,,,,,
524,"{'1': 15, '2': 14, '3': 13, '4': 14, '5': 0, '6': 0, '7': 0}",40.0,2,1158,4,,,,,,,,,
525,"{'1': 17, '2': 13, '3': 13, '4': 13, '5': 0, '6': 0, '7': 0}",39.8,2,1155,4,,,,,,,,,
526,"{'1': 15, '2': 17, '3': 10, '4': 14, '5': 0, '6': 0, '7': 0}",39.4,2,1147,4,,,,,,,,,
527,"{'1': 13, '2': 12, '3': 16, '4': 15, '5': 0, '6': 0, '7': 0}",39.8,2,1153,4,,,,,,,,,
528,"{'1': 16, '2': 12, '3': 15, '4': 13, '5': 0, '6': 0, '7': 0}",39.8,2,1153,4,,,,,,,,,
529,"{'1': 16, '2': 13, '3': 14, '4': 13, '5': 0, '6': 0, '7': 0}",39.9,2,1156,4,,,,,,,,,
530,"{'1': 11, '2': 16, '3': 13, '4': 16, '5': 0, '6': 0, '7': 0}",39.599999999999994,2,1150,4,,,,,,,,,
531,"{'1': 16, '2': 13, '3': 13, '4': 14, '5': 0, '6': 0, '7': 0}",39.9,2,1156,4,,,,,,,,,
532,"{'1': 13, '2': 14, '3': 17, '4': 12, '5': 0, '6': 0, '7': 0}",39.7,2,1152,4,,,,,,,,,
533,"{'1': 15, '2': 16, '3': 14, '4': 11, '5': 0, '6': 0, '7': 0}",39.7,2,1151,4,,,,,,,,,
534,"{'1': 15, '2': 14, '3': 13, '4': 14, '5': 0, '6': 0, '7': 0}",40.0,2,1158,4,,,,,,,,,
535,"{'1': 15, '2': 13, '3': 14, '4': 14, '5': 0, '6': 0, '7': 0}",40.0,2,1158,4,,,,,,,,,
536,"{'1': 18, '2': 13, '3': 14, '4': 11, '5': 0, '6': 0, '7': 0}",39.5,2,1148,4,,,,,,,,,
537,"{'1': 18, '2': 13, '3': 11, '4': 14, '5': 0, '6': 0, '7': 0}",39.5,2,1148,4,,,,,,,,,
538,"{'1': 12, '2': 15, '3': 13, '4': 16, '5': 0, '6': 0, '7': 0}",39.8,2,1153,4,,,,,,,,,
539,"{'1': 13, '2': 12, '3': 17, '4': 14, '5': 0, '6': 0, '7': 0}",39.7,2,1152,4,,,,,,,,,
540,"{'1': 14, '2': 15, '3': 14, '4': 13, '5': 0, '6': 0, '7': 0}",40.0,2,1158,4,,,,,,,,,
541,"{'1': 15, '2': 15, '3': 13, '4': 13, '5': 0, '6': 0, '7': 0}",40.0,2,1157,4,,,,,,,,,
542,"{'1': 17, '2': 12, '3': 15, '4': 12, '5': 0, '6': 0, '7': 0}",39.6,2,1151,4,,,,,,,,,
543,"{'1': 15, '2': 10, '3': 15, '4': 16, '5': 0, '6': 0, '7': 0}",39.5,2,1149,4,,,,,,,,,
544,"{'1': 12, '2': 14, '3': 15, '4': 15, '5': 0, '6': 0, '7': 0}",39.900000000000006,2,1155,4,,,,,,,,,
545,"{'1': 15, '2': 13, '3': 13, '4': 15, '5': 0, '6': 0, '7': 0}",40.0,2,1157,4,,,,,,,,,
546,"{'1': 16, '2': 12, '3': 11, '4': 17, '5': 0, '6': 0, '7': 0}",39.400000000000006,2,1148,4,,,,,,,,,
547,"{'1': 15, '2': 15, '3': 13, '4': 13, '5': 0, '6': 0, '7': 0}",40.0,2,1157,4,,,,,,,,,
548,"{'1': 13, '2': 11, '3': 17, '4': 15, '5': 0, '6': 0, '7': 0}",39.6,2,1149,4,,,,,,,,,
549,"{'1': 13, '2': 10, '3': 15, '4': 18, '5': 0, '6': 0, '7': 0}",39.300000000000004,2,1145,4,,,,,,,,,
550,"{'1': 12, '2': 14, '3': 14, '4': 16, '5': 0, '6': 0, '7': 0}",39.8,2,1154,4,,,,,,,,,
551,"{'1': 12, '2': 16, '3': 15, '4': 13, '5': 0, '6': 0, '7': 0}",39.8,2,1153,4,,,,,,,,,
552,"{'1': 11, '2': 17, '3': 18, '4': 10, '5': 0, '6': 0, '7': 0}",38.9,2,1143,4,,,,,,,,,
553,"{'1': 15, '2': 15, '3': 13, '4': 13, '5': 0, '6': 0, '7': 0}",40.0,2,1157,4,,,,,,,,,
554,"{'1': 15, '2': 16, '3': 12, '4': 13, '5': 0, '6': 0, '7': 0}",39.8,2,1153,4,,,,,,,,,
555,"{'1': 15, '2': 12, '3': 13, '4': 16, '5': 0, '6': 0, '7': 0}",39.8,2,1153,4,,,,,,,,,
556,"{'1': 16, '2': 15, '3': 14, '4': 11, '5': 0, '6': 0, '7': 0}",39.7,2,1151,4,,,,,,,,,
557,"{'1': 14, '2': 15, '3': 12, '4': 15, '5': 0, '6': 0, '7': 0}",39.900000000000006,2,1155,4,,,,,,,,,
558,"{'1': 13, '2': 17, '3': 13, '4': 13, '5': 0, '6': 0, '7': 0}",39.8,2,1155,4,,,,,,,,,
559,"{'1': 15, '2': 15, '3': 14, '4': 12, '5': 0, '6': 0, '7': 0}",39.900000000000006,2,1155,4,,,,,,,,,
560,"{'1': 15, '2': 14, '3': 15, '4': 12, '5': 0, '6': 0, '7': 0}",39.900000000000006,2,1155,4,,,,,,,,,
561,"{'1': 14, '2': 16, '3': 11, '4': 15, '5': 0, '6': 0, '7': 0}",39.7,2,1151,4,,,,,,,,,
562,"{'1': 12, '2': 13, '3': 15, '4': 16, '5': 0, '6': 0, '7': 0}",39.8,2,1153,4,,,,,,,,,
563,"{'1': 14, '2': 15, '3': 13, '4': 14, '5': 0, '6': 0, '7': 0}",40.0,2,1158,4,,,,,,,,,
564,"{'1': 17, '2': 13, '3': 13, '4': 13, '5': 0, '6': 0, '7': 0}",39.8,2,1155,4,,,,,,,,,
565,"{'1': 14, '2': 13, '3': 15, '4': 14, '5': 0, '6': 0, '7': 0}",40.0,2,1158,4,,,,,,,,,
566,"{'1': 16, '2': 11, '3': 14, '4': 15, '5': 0, '6': 0, '7': 0}",39.7,2,1151,4,,,,,,,,,
567,"{'1': 15, '2': 15, '3': 13, '4': 13, '5': 0, '6': 0, '7': 0}",40.0,2,1157,4,,,,,,,,,
568,"{'1': 13, '2': 16, '3': 14, '4': 13, '5': 0, '6': 0, '7': 0}",39.9,2,1156,4,,,,,,,,,
569,"{'1': 15, '2': 13, '3': 13, '4': 15, '5': 0, '6': 0, '7': 0}",40.0,2,1157,4,,,,,,,,,
570,"{'1': 13, '2': 16, '3': 18, '4': 9, '5': 0, '6': 0, '7': 0}",38.9,2,1142,4,,,,,,,,,
571,"{'1': 17, '2': 13, '3': 13, '4': 13, '5': 0, '6': 0, '7': 0}",39.8,2,1155,4,,,,,,,,,
572,"{'1': 18, '2': 12, '3': 14, '4': 12, '5': 0, '6': 0, '7': 0}",39.5,2,1150,4,,,,,,,,,
573,"{'1': 13, '2': 17, '3': 13, '4': 13, '5': 0, '6': 0, '7': 0}",39.8,2,1155,4,,,,,,,,,
,,,,,,1137,1162,1152.355400696864,38.099999999999994,40.0,39.69651567944249,0.005304469879495973,99426,"{4: 574, 5: 0, 6: 0, 7: 0}"
